city,region
Mumbai,Andheri West
Mumbai,Naigaon East
Mumbai,Borivali West
Mumbai,Panvel
Mumbai,Mira Road East
Mumbai,Parel
Mumbai,Boisar
Mumbai,Santacruz East
Mumbai,Badlapur East
Mumbai,Fort
Mumbai,Badlapur West
Mumbai,Khopoli
Mumbai,Chembur
Mumbai,Jogeshwari West
Mumbai,Vasai
Mumbai,Kalamboli
Mumbai,Powai
Mumbai,Ghansoli
Mumbai,Thane West
Mumbai,Vikhroli
Mumbai,Bhiwandi
Mumbai,Airoli
Mumbai,Ambernath West
Mumbai,Borivali East
Mumbai,Virar
Mumbai,Kharghar
Mumbai,Ulwe
Mumbai,Kamothe
Mumbai,Jogeshwari East
Mumbai,Mulund West
Mumbai,Palghar
Mumbai,Goregaon West
Mumbai,Taloja
Mumbai,Rasayani
Mumbai,Ghatkopar East
Mumbai,Ulhasnagar
Mumbai,Dombivali
Mumbai,Kewale
Mumbai,Nala Sopara
Mumbai,Goregaon East
Mumbai,Kandivali East
Mumbai,Kurla
Mumbai,Andheri East
Mumbai,Dahisar
Mumbai,Karanjade
Mumbai,Mahim
Mumbai,Vashi
Mumbai,Malad West
Mumbai,Girgaon
Mumbai,Dadar West
Mumbai,Bandra West
Mumbai,Kandivali West
Mumbai,Kalyan West
Mumbai,Neral
Mumbai,Kalyan East
Mumbai,Karjat
Mumbai,Ghatkopar West
Mumbai,Dronagiri
Mumbai,Mulund East
Mumbai,Navade
Mumbai,Ambivali
Mumbai,Agripada
Mumbai,Owale
Mumbai,Ville Parle East
Mumbai,Kalwa
Mumbai,Khar
Mumbai,Santacruz West
Mumbai,Nerul
Mumbai,Kanjurmarg
Mumbai,Vangani
Mumbai,Bhayandar East
Mumbai,Seawoods
Mumbai,Sewri
Mumbai,Ambernath East
Mumbai,Nilje Gaon
Mumbai,Prabhadevi
Mumbai,Matunga
Mumbai,Lower Parel
Mumbai,Titwala
Mumbai,Shil Phata
Mumbai,Koper Khairane
Mumbai,Napeansea Road
Mumbai,Bhandup West
Mumbai,Koproli
Mumbai,Anjurdive
Mumbai,Wadala
Mumbai,Sion
Mumbai,Taloje
Mumbai,Cuffe Parade
Mumbai,Bhandup East
Mumbai,Byculla
Mumbai,Tardeo
Mumbai,Vasai West
Mumbai,Vasai east
Mumbai,Malad East
Mumbai,Colaba
Mumbai,Thane East
Mumbai,Nalasopara East
Mumbai,Deonar
Mumbai,Nahur East
Mumbai,Sanpada
Mumbai,Sector 21 Kamothe
Mumbai,Saphale
Mumbai,Kasheli
Mumbai,Juinagar
Mumbai,Worli
Mumbai,Panch Pakhdi
Mumbai,Mazagaon
Mumbai,Hiranandani Estates
Mumbai,Belapur
Mumbai,Vichumbe
Mumbai,Bandra East
Mumbai,Sector 17 Ulwe
Mumbai,Sector 23 Ulwe
Mumbai,Nalasopara West
Mumbai,Mahalaxmi
Mumbai,Sector 20 Kamothe
Mumbai,Dadar East
Mumbai,Sector 19 Kamothe
Mumbai,Shahapur
Mumbai,Sector 30 Kharghar
Mumbai,Asangaon
Mumbai,Vikroli East
Mumbai,Mira Road
Mumbai,Kanjurmarg East
Mumbai,Rambaug
Mumbai,Sector-12 Kamothe
Mumbai,Juhu
Mumbai,Ville Parle West
Mumbai,Mazgaon
Mumbai,Virar East
Mumbai,Khar West
Mumbai,Sector 8 New panvel
Mumbai,Rabale
Mumbai,Bhayandar West
Mumbai,Sector 20 Ulwe
Mumbai,Sector 22 Kamothe
Mumbai,Sector 21 Nerul
Mumbai,Bandra Kurla Complex
Mumbai,Sector 14 Vashi
Mumbai,Mumbai Central
Mumbai,Virar West
Mumbai,Sector 11 Koparkhairane
Mumbai,Unnat Nagar
Mumbai,Diva
Mumbai,Palava
Mumbai,Dombivali East
Mumbai,Sector-14 Koparkhairane
Mumbai,Greater Khanda
Mumbai,Sector-35D Kharghar
Mumbai,Umroli
Mumbai,Sector-9 Ulwe
Mumbai,Govandi
Mumbai,vile parle west
Mumbai,MATUNGA WEST
Mumbai,Sector-3 Ulwe
Mumbai,kasaradavali thane west
Mumbai,Kurla East
Mumbai,Pestom Sagar Colony
Mumbai,Sector 12 Kharghar
Mumbai,Police Colony
Mumbai,Dahisar West
Mumbai,Marine Lines
Mumbai,Sector 19 Kharghar
Mumbai,Kalher
Mumbai,Hindu Colony
Mumbai,Dahisar East
Mumbai,Sector 9 Vashi
Mumbai,Khardi
Mumbai,Babulnath Road
Mumbai,Sector 21 Kharghar
Mumbai,Dharavi
Mumbai,Vasind
Mumbai,Tilak Nagar
Mumbai,Ashok nagar
Mumbai,Antop Hill
Mumbai,Peddar Road
Mumbai,Kamathipura
Mumbai,Usarghar Gaon
Mumbai,Ambarnath
Mumbai,Patlipada
Mumbai,Vevoor
Mumbai,Shelu
Mumbai,Kurla West
Mumbai,Goregaon
Mumbai,Naupada
Mumbai,Bhoiwada
Mumbai,Sector 7 Kharghar
Mumbai,Roadpali
Mumbai,Sector-9 Kamothe
Mumbai,Borivali
Mumbai,Badlapur
Mumbai,Khanda Colony
Mumbai,Dombivli (West)
Mumbai,GTB Nagar
Mumbai,Bandra
Mumbai,kandivali
Mumbai,Mahavir Nagar
Mumbai,Churchgate
Mumbai,Pali Hill
Mumbai,Manpada
Mumbai,Sector-50 Seawoods
Mumbai,Uttan
Mumbai,Gauripada
Mumbai,Gandhar Nagar
Mumbai,Mahim West
Mumbai,Warai
Mumbai,mumbai
Mumbai,Khatiwali
Mumbai,Chandivali
Mumbai,Mumbra
Mumbai,Chembur East
Mumbai,Malabar Hill
Mumbai,sector
Mumbai,Uran
Mumbai,Manjarli
Mumbai,Ghodbunder Road
Mumbai,Mulund
Mumbai,Sector 18 Kharghar
Mumbai,Palidevad
Mumbai,Juhu Scheme
Mumbai,Adaigaon
Mumbai,Versova
Mumbai,Sector-4 New Panvel
Mumbai,Pen
Mumbai,Sector 6 Kamothe
Mumbai,Maneklal Estate
Mumbai,L I C Colony
